{"cameraMode":{"drawMode":0,"name":"Shaded","section":"Shading Mode"},"sceneLighting":false,"audioPlay":false,"sceneViewState":{"showFog":true,"showMaterialUpdate":false,"showSkybox":true,"showFlares":true,"showImageEffects":true,"showParticleSystems":true},"in2DMode":false,"pivot":{"x":-9.361746788024903,"y":-7.656092643737793,"z":-3.269482135772705},"rotation":{"x":0.17584483325481416,"y":-0.8057122826576233,"z":0.2925567328929901,"w":0.48423469066619875},"size":10.051467895507813,"orthographic":false}