{"cameraMode":{"drawMode":0,"name":"Shaded","section":"Shading Mode"},"sceneLighting":false,"audioPlay":false,"sceneViewState":{"showFog":true,"showMaterialUpdate":false,"showSkybox":true,"showFlares":true,"showImageEffects":true,"showParticleSystems":true},"in2DMode":false,"pivot":{"x":-6.183783531188965,"y":-7.656024932861328,"z":-9.249231338500977},"rotation":{"x":0.17584483325481416,"y":-0.8057122826576233,"z":0.2925567328929901,"w":0.48423469066619875},"size":7.828779220581055,"orthographic":false}