{"cameraMode":{"drawMode":0,"name":"Shaded","section":"Shading Mode"},"sceneLighting":false,"audioPlay":false,"sceneViewState":{"showFog":true,"showMaterialUpdate":false,"showSkybox":true,"showFlares":true,"showImageEffects":true,"showParticleSystems":true},"in2DMode":false,"pivot":{"x":1.0540714263916016,"y":2.026033401489258,"z":-6.915024757385254},"rotation":{"x":0.041844096034765246,"y":-0.9168230295181274,"z":0.09967774152755737,"w":0.3845587968826294},"size":4.401729583740234,"orthographic":false}